{ "results": [
	{
        "Points": [
            {
                "__type": "GeoPoint",
                "latitude": 35.2271,
                "longitude": -80.8431
            },
            {
                "__type": "GeoPoint",
                "latitude": 35.2279,
                "longitude": -80.84212166666666
            },
            {
                "__type": "GeoPoint",
                "latitude": 35.22886333333334,
                "longitude": -80.84070666666666
            },
            {
                "__type": "GeoPoint",
                "latitude": 35.229635,
                "longitude": -80.83963333333332
            },
            {
                "__type": "GeoPoint",
                "latitude": 35.23054666666667,
                "longitude": -80.83841000000001
            },
            {
                "__type": "GeoPoint",
                "latitude": 35.231334999999994,
                "longitude": -80.83733666666667
            },
            {
                "__type": "GeoPoint",
                "latitude": 35.23107166666667,
                "longitude": -80.83619999999999
            },
            {
                "__type": "GeoPoint",
                "latitude": 35.230178333333335,
                "longitude": -80.83654333333334
            },
            {
                "__type": "GeoPoint",
                "latitude": 35.22889833333333,
                "longitude": -80.83828166666667
            },
            {
                "__type": "GeoPoint",
                "latitude": 35.22763666666666,
                "longitude": -80.83757333333332
            },
            {
                "__type": "GeoPoint",
                "latitude": 35.226549999999996,
                "longitude": -80.83725166666666
            },
            {
                "__type": "GeoPoint",
                "latitude": 35.22588333333333,
                "longitude": -80.838475
            },
            {
                "__type": "GeoPoint",
                "latitude": 35.22641,
                "longitude": -80.83999833333334
            },
            {
                "__type": "GeoPoint",
                "latitude": 35.226585,
                "longitude": -80.84139333333333
            },
            {
                "__type": "GeoPoint",
                "latitude": 35.225901666666665,
                "longitude": -80.84238
            },
            {
                "__type": "GeoPoint",
                "latitude": 35.22490166666667,
                "longitude": -80.842315
            }
        ],
        "createdAt": "2014-11-17T07:28:31.549Z",
        "objectId": "yrMRKYujge",
        "title": "Morning Run",
        "updatedAt": "2014-11-17T07:28:31.549Z"
    },
	{
        "Points": [
            {
                "__type": "GeoPoint",
                "latitude": 35.3076,
                "longitude": -80.7286
            },
            {
                "__type": "GeoPoint",
                "latitude": 35.308225,
                "longitude": -80.72942666666667
            },
            {
                "__type": "GeoPoint",
                "latitude": 35.30976666666666,
                "longitude": -80.72929833333333
            },
            {
                "__type": "GeoPoint",
                "latitude": 35.311341666666664,
                "longitude": -80.72899666666667
            },
            {
                "__type": "GeoPoint",
                "latitude": 35.312848333333335,
                "longitude": -80.72848166666667
            },
            {
                "__type": "GeoPoint",
                "latitude": 35.31410833333334,
                "longitude": -80.72994166666668
            },
            {
                "__type": "GeoPoint",
                "latitude": 35.313653333333335,
                "longitude": -80.731915
            },
            {
                "__type": "GeoPoint",
                "latitude": 35.31183333333333,
                "longitude": -80.73255999999999
            },
            {
                "__type": "GeoPoint",
                "latitude": 35.311973333333334,
                "longitude": -80.73436166666667
            },
            {
                "__type": "GeoPoint",
                "latitude": 35.31176333333334,
                "longitude": -80.73543500000001
            },
            {
                "__type": "GeoPoint",
                "latitude": 35.30976666666666,
                "longitude": -80.73625
            },
            {
                "__type": "GeoPoint",
                "latitude": 35.307175,
                "longitude": -80.73667999999999
            },
            {
                "__type": "GeoPoint",
                "latitude": 35.30623,
                "longitude": -80.73689333333333
            },
            {
                "__type": "GeoPoint",
                "latitude": 35.303778333333334,
                "longitude": -80.73740833333333
            },
            {
                "__type": "GeoPoint",
                "latitude": 35.30220166666666,
                "longitude": -80.73732333333334
            },
            {
                "__type": "GeoPoint",
                "latitude": 35.30146666666667,
                "longitude": -80.73419
            },
            {
                "__type": "GeoPoint",
                "latitude": 35.30262166666667,
                "longitude": -80.73221666666667
            },
            {
                "__type": "GeoPoint",
                "latitude": 35.30381333333333,
                "longitude": -80.72899666666667
            }
        ],
        "createdAt": "2014-11-17T07:31:14.317Z",
        "objectId": "tXAJdy12nW",
        "title": "University Run",
        "updatedAt": "2014-11-17T07:31:14.317Z"
    },
	{
        "Points": [
            {
                "__type": "GeoPoint",
                "latitude": 35.3046,
                "longitude": -80.74601333333334
            },
            {
                "__type": "GeoPoint",
                "latitude": 35.304494999999996,
                "longitude": -80.74481166666666
            },
            {
                "__type": "GeoPoint",
                "latitude": 35.304809999999996,
                "longitude": -80.743675
            },
            {
                "__type": "GeoPoint",
                "latitude": 35.30509166666666,
                "longitude": -80.742515
            },
            {
                "__type": "GeoPoint",
                "latitude": 35.30540666666666,
                "longitude": -80.74077833333334
            },
            {
                "__type": "GeoPoint",
                "latitude": 35.306335,
                "longitude": -80.74026333333333
            },
            {
                "__type": "GeoPoint",
                "latitude": 35.307735,
                "longitude": -80.74056333333333
            },
            {
                "__type": "GeoPoint",
                "latitude": 35.30791,
                "longitude": -80.74174333333333
            },
            {
                "__type": "GeoPoint",
                "latitude": 35.308295,
                "longitude": -80.74290166666667
            },
            {
                "__type": "GeoPoint",
                "latitude": 35.308505,
                "longitude": -80.74416833333333
            },
            {
                "__type": "GeoPoint",
                "latitude": 35.308715,
                "longitude": -80.745305
            }
        ],
        "createdAt": "2014-11-17T07:32:46.416Z",
        "objectId": "Wc7jz0YeyR",
        "title": "University Trail Run",
        "updatedAt": "2014-11-17T07:32:46.416Z"
    },
	{
        "Points": [
            {
                "__type": "GeoPoint",
                "latitude": 35.319763333333334,
                "longitude": -80.75262166666667
            },
            {
                "__type": "GeoPoint",
                "latitude": 35.32044666666666,
                "longitude": -80.753845
            },
            {
                "__type": "GeoPoint",
                "latitude": 35.32149666666667,
                "longitude": -80.75481166666667
            },
            {
                "__type": "GeoPoint",
                "latitude": 35.321708333333326,
                "longitude": -80.75612
            },
            {
                "__type": "GeoPoint",
                "latitude": 35.323195000000005,
                "longitude": -80.75719333333333
            },
            {
                "__type": "GeoPoint",
                "latitude": 35.32377333333333,
                "longitude": -80.75824333333334
            },
            {
                "__type": "GeoPoint",
                "latitude": 35.324176666666666,
                "longitude": -80.76043333333334
            },
            {
                "__type": "GeoPoint",
                "latitude": 35.32473666666667,
                "longitude": -80.76187
            },
            {
                "__type": "GeoPoint",
                "latitude": 35.32591,
                "longitude": -80.76436
            },
            {
                "__type": "GeoPoint",
                "latitude": 35.326260000000005,
                "longitude": -80.76564666666667
            },
            {
                "__type": "GeoPoint",
                "latitude": 35.32675,
                "longitude": -80.76736333333334
            },
            {
                "__type": "GeoPoint",
                "latitude": 35.32717,
                "longitude": -80.76908
            },
            {
                "__type": "GeoPoint",
                "latitude": 35.32591,
                "longitude": -80.76933833333332
            },
            {
                "__type": "GeoPoint",
                "latitude": 35.32499833333333,
                "longitude": -80.769595
            },
            {
                "__type": "GeoPoint",
                "latitude": 35.32527833333334,
                "longitude": -80.77088333333333
            },
            {
                "__type": "GeoPoint",
                "latitude": 35.32633,
                "longitude": -80.77182666666666
            },
            {
                "__type": "GeoPoint",
                "latitude": 35.32647,
                "longitude": -80.77431666666666
            },
            {
                "__type": "GeoPoint",
                "latitude": 35.32703,
                "longitude": -80.77569
            },
            {
                "__type": "GeoPoint",
                "latitude": 35.32857,
                "longitude": -80.77826499999999
            },
            {
                "__type": "GeoPoint",
                "latitude": 35.33060166666667,
                "longitude": -80.77731999999999
            },
            {
                "__type": "GeoPoint",
                "latitude": 35.33074166666667,
                "longitude": -80.77594666666667
            },
            {
                "__type": "GeoPoint",
                "latitude": 35.33095166666667,
                "longitude": -80.77423
            },
            {
                "__type": "GeoPoint",
                "latitude": 35.33130166666667,
                "longitude": -80.77036833333334
            },
            {
                "__type": "GeoPoint",
                "latitude": 35.33200166666666,
                "longitude": -80.76676333333333
            },
            {
                "__type": "GeoPoint",
                "latitude": 35.33200166666666,
                "longitude": -80.76066833333333
            },
            {
                "__type": "GeoPoint",
                "latitude": 35.331021666666665,
                "longitude": -80.75569
            },
            {
                "__type": "GeoPoint",
                "latitude": 35.330040000000004,
                "longitude": -80.75337333333333
            },
            {
                "__type": "GeoPoint",
                "latitude": 35.328430000000004,
                "longitude": -80.75156999999999
            },
            {
                "__type": "GeoPoint",
                "latitude": 35.32682,
                "longitude": -80.75268666666666
            },
            {
                "__type": "GeoPoint",
                "latitude": 35.32527833333334,
                "longitude": -80.75363
            },
            {
                "__type": "GeoPoint",
                "latitude": 35.32408833333333,
                "longitude": -80.75569
            },
            {
                "__type": "GeoPoint",
                "latitude": 35.32317833333333,
                "longitude": -80.75569
            },
            {
                "__type": "GeoPoint",
                "latitude": 35.323038333333336,
                "longitude": -80.75242833333333
            },
            {
                "__type": "GeoPoint",
                "latitude": 35.32471833333333,
                "longitude": -80.75079833333332
            },
            {
                "__type": "GeoPoint",
                "latitude": 35.324648333333336,
                "longitude": -80.74856666666666
            },
            {
                "__type": "GeoPoint",
                "latitude": 35.322828333333334,
                "longitude": -80.75002666666666
            },
            {
                "__type": "GeoPoint",
                "latitude": 35.321146666666664,
                "longitude": -80.75139833333333
            },
            {
                "__type": "GeoPoint",
                "latitude": 35.31988666666667,
                "longitude": -80.75277166666666
            }
        ],
        "createdAt": "2014-11-17T07:35:50.464Z",
        "objectId": "pERMJ3vpL2",
        "title": "Greenway Trail Run",
        "updatedAt": "2014-11-17T07:35:50.464Z"
    },
	{
        "Points": [
            {
                "__type": "GeoPoint",
                "latitude": 35.07773833333333,
                "longitude": -80.81701666666666
            },
            {
                "__type": "GeoPoint",
                "latitude": 35.078055,
                "longitude": -80.81869
            },
            {
                "__type": "GeoPoint",
                "latitude": 35.078898333333335,
                "longitude": -80.82178
            },
            {
                "__type": "GeoPoint",
                "latitude": 35.079143333333334,
                "longitude": -80.82525666666668
            },
            {
                "__type": "GeoPoint",
                "latitude": 35.07844166666666,
                "longitude": -80.82830333333332
            },
            {
                "__type": "GeoPoint",
                "latitude": 35.07861666666667,
                "longitude": -80.82963333333333
            },
            {
                "__type": "GeoPoint",
                "latitude": 35.078406666666666,
                "longitude": -80.83070666666667
            },
            {
                "__type": "GeoPoint",
                "latitude": 35.077106666666666,
                "longitude": -80.83105
            },
            {
                "__type": "GeoPoint",
                "latitude": 35.076474999999995,
                "longitude": -80.83281000000001
            },
            {
                "__type": "GeoPoint",
                "latitude": 35.076966666666664,
                "longitude": -80.83577
            },
            {
                "__type": "GeoPoint",
                "latitude": 35.076053333333334,
                "longitude": -80.83577
            },
            {
                "__type": "GeoPoint",
                "latitude": 35.075140000000005,
                "longitude": -80.835255
            },
            {
                "__type": "GeoPoint",
                "latitude": 35.074578333333335,
                "longitude": -80.833925
            },
            {
                "__type": "GeoPoint",
                "latitude": 35.07412166666666,
                "longitude": -80.83109333333333
            },
            {
                "__type": "GeoPoint",
                "latitude": 35.074578333333335,
                "longitude": -80.82916166666668
            },
            {
                "__type": "GeoPoint",
                "latitude": 35.073875,
                "longitude": -80.82748833333333
            },
            {
                "__type": "GeoPoint",
                "latitude": 35.07471833333333,
                "longitude": -80.82538500000001
            },
            {
                "__type": "GeoPoint",
                "latitude": 35.075876666666666,
                "longitude": -80.82469833333333
            },
            {
                "__type": "GeoPoint",
                "latitude": 35.07756333333334,
                "longitude": -80.82306833333334
            },
            {
                "__type": "GeoPoint",
                "latitude": 35.07780833333334,
                "longitude": -80.82075
            },
            {
                "__type": "GeoPoint",
                "latitude": 35.078089999999996,
                "longitude": -80.81804666666667
            },
            {
                "__type": "GeoPoint",
                "latitude": 35.07787833333334,
                "longitude": -80.81693166666668
            }
        ],
        "createdAt": "2014-11-17T07:37:29.147Z",
        "objectId": "BoJxZgERrz",
        "title": "Greenway 2 Trail Run",
        "updatedAt": "2014-11-17T07:37:29.147Z"
    },
	{
        "Points": [
            {
                "__type": "GeoPoint",
                "latitude": 35.07752833333333,
                "longitude": -80.82221
            },
            {
                "__type": "GeoPoint",
                "latitude": 35.07738666666667,
                "longitude": -80.82388333333333
            },
            {
                "__type": "GeoPoint",
                "latitude": 35.076193333333336,
                "longitude": -80.82452666666667
            },
            {
                "__type": "GeoPoint",
                "latitude": 35.075140000000005,
                "longitude": -80.8256
            },
            {
                "__type": "GeoPoint",
                "latitude": 35.074086666666666,
                "longitude": -80.82577166666667
            },
            {
                "__type": "GeoPoint",
                "latitude": 35.073805,
                "longitude": -80.82692999999999
            },
            {
                "__type": "GeoPoint",
                "latitude": 35.073840000000004,
                "longitude": -80.82804666666667
            },
            {
                "__type": "GeoPoint",
                "latitude": 35.07492833333333,
                "longitude": -80.829505
            },
            {
                "__type": "GeoPoint",
                "latitude": 35.07415666666667,
                "longitude": -80.830835
            },
            {
                "__type": "GeoPoint",
                "latitude": 35.07429666666667,
                "longitude": -80.83207999999999
            },
            {
                "__type": "GeoPoint",
                "latitude": 35.07429666666667,
                "longitude": -80.83401166666665
            },
            {
                "__type": "GeoPoint",
                "latitude": 35.07552666666666,
                "longitude": -80.83529833333334
            },
            {
                "__type": "GeoPoint",
                "latitude": 35.07577166666667,
                "longitude": -80.83705833333333
            },
            {
                "__type": "GeoPoint",
                "latitude": 35.07549166666667,
                "longitude": -80.83894666666667
            },
            {
                "__type": "GeoPoint",
                "latitude": 35.074963333333336,
                "longitude": -80.84023333333333
            },
            {
                "__type": "GeoPoint",
                "latitude": 35.074436666666664,
                "longitude": -80.83894666666667
            },
            {
                "__type": "GeoPoint",
                "latitude": 35.074436666666664,
                "longitude": -80.83624333333334
            },
            {
                "__type": "GeoPoint",
                "latitude": 35.07348833333333,
                "longitude": -80.83418333333334
            },
            {
                "__type": "GeoPoint",
                "latitude": 35.07313833333333,
                "longitude": -80.83173666666667
            },
            {
                "__type": "GeoPoint",
                "latitude": 35.07306666666667,
                "longitude": -80.82736
            },
            {
                "__type": "GeoPoint",
                "latitude": 35.0737,
                "longitude": -80.82607166666666
            },
            {
                "__type": "GeoPoint",
                "latitude": 35.074331666666666,
                "longitude": -80.82517
            },
            {
                "__type": "GeoPoint",
                "latitude": 35.075105,
                "longitude": -80.82457
            },
            {
                "__type": "GeoPoint",
                "latitude": 35.076193333333336,
                "longitude": -80.82396833333334
            },
            {
                "__type": "GeoPoint",
                "latitude": 35.076895,
                "longitude": -80.82315333333332
            },
            {
                "__type": "GeoPoint",
                "latitude": 35.07770333333334,
                "longitude": -80.82032166666666
            },
            {
                "__type": "GeoPoint",
                "latitude": 35.077598333333334,
                "longitude": -80.818305
            }
        ],
        "createdAt": "2014-11-17T07:38:40.645Z",
        "objectId": "qIslhZYyyV",
        "title": "Greenway 2 Trail Run",
        "updatedAt": "2014-11-17T07:38:40.645Z"
    },
	{
        "Points": [
            {
                "__type": "GeoPoint",
                "latitude": 35.302411666666664,
                "longitude": -80.73813833333334
            },
            {
                "__type": "GeoPoint",
                "latitude": 35.30405833333334,
                "longitude": -80.73826666666668
            },
            {
                "__type": "GeoPoint",
                "latitude": 35.305913333333336,
                "longitude": -80.738095
            },
            {
                "__type": "GeoPoint",
                "latitude": 35.307874999999996,
                "longitude": -80.738095
            },
            {
                "__type": "GeoPoint",
                "latitude": 35.30983666666667,
                "longitude": -80.73805166666666
            },
            {
                "__type": "GeoPoint",
                "latitude": 35.3084,
                "longitude": -80.73805166666666
            },
            {
                "__type": "GeoPoint",
                "latitude": 35.305703333333334,
                "longitude": -80.73805166666666
            },
            {
                "__type": "GeoPoint",
                "latitude": 35.30573833333334,
                "longitude": -80.73599333333333
            },
            {
                "__type": "GeoPoint",
                "latitude": 35.30580833333333,
                "longitude": -80.73479166666667
            },
            {
                "__type": "GeoPoint",
                "latitude": 35.307385,
                "longitude": -80.73431833333333
            },
            {
                "__type": "GeoPoint",
                "latitude": 35.308856666666664,
                "longitude": -80.73431833333333
            },
            {
                "__type": "GeoPoint",
                "latitude": 35.31032666666667,
                "longitude": -80.73423333333334
            },
            {
                "__type": "GeoPoint",
                "latitude": 35.30847000000001,
                "longitude": -80.73423333333334
            },
            {
                "__type": "GeoPoint",
                "latitude": 35.30637,
                "longitude": -80.73423333333334
            },
            {
                "__type": "GeoPoint",
                "latitude": 35.30458333333333,
                "longitude": -80.73427666666666
            },
            {
                "__type": "GeoPoint",
                "latitude": 35.30283166666666,
                "longitude": -80.73427666666666
            },
            {
                "__type": "GeoPoint",
                "latitude": 35.302551666666666,
                "longitude": -80.732345
            },
            {
                "__type": "GeoPoint",
                "latitude": 35.303286666666665,
                "longitude": -80.73170166666667
            },
            {
                "__type": "GeoPoint",
                "latitude": 35.30507333333333,
                "longitude": -80.73183
            }
        ],
        "createdAt": "2014-11-17T07:40:12.096Z",
        "objectId": "WlHORh6GMb",
        "title": "Hi UNCC Run",
        "updatedAt": "2014-11-17T07:40:12.096Z"
    },
	{
        "Points": [
            {
                "__type": "GeoPoint",
                "latitude": 35.302096666666664,
                "longitude": -80.741185
            },
            {
                "__type": "GeoPoint",
                "latitude": 35.30374333333334,
                "longitude": -80.74122833333332
            },
            {
                "__type": "GeoPoint",
                "latitude": 35.30556333333333,
                "longitude": -80.74114166666666
            },
            {
                "__type": "GeoPoint",
                "latitude": 35.307385,
                "longitude": -80.7411
            },
            {
                "__type": "GeoPoint",
                "latitude": 35.30938166666667,
                "longitude": -80.74105666666667
            },
            {
                "__type": "GeoPoint",
                "latitude": 35.31113166666667,
                "longitude": -80.74101333333333
            },
            {
                "__type": "GeoPoint",
                "latitude": 35.30969666666667,
                "longitude": -80.739125
            },
            {
                "__type": "GeoPoint",
                "latitude": 35.30889166666667,
                "longitude": -80.73736666666667
            },
            {
                "__type": "GeoPoint",
                "latitude": 35.308085,
                "longitude": -80.73659333333333
            },
            {
                "__type": "GeoPoint",
                "latitude": 35.308015,
                "longitude": -80.73539166666666
            },
            {
                "__type": "GeoPoint",
                "latitude": 35.31050166666667,
                "longitude": -80.73281666666666
            },
            {
                "__type": "GeoPoint",
                "latitude": 35.31158666666667,
                "longitude": -80.73183
            },
            {
                "__type": "GeoPoint",
                "latitude": 35.31225333333334,
                "longitude": -80.730885
            },
            {
                "__type": "GeoPoint",
                "latitude": 35.309871666666666,
                "longitude": -80.73067166666667
            },
            {
                "__type": "GeoPoint",
                "latitude": 35.307874999999996,
                "longitude": -80.73071333333334
            },
            {
                "__type": "GeoPoint",
                "latitude": 35.30665,
                "longitude": -80.73071333333334
            },
            {
                "__type": "GeoPoint",
                "latitude": 35.30405833333334,
                "longitude": -80.73071333333334
            },
            {
                "__type": "GeoPoint",
                "latitude": 35.30262166666667,
                "longitude": -80.73084333333333
            }
        ],
        "createdAt": "2014-11-17T07:40:51.668Z",
        "objectId": "P6SW7kgZrG",
        "title": "M UNCC Run",
        "updatedAt": "2014-11-17T07:40:51.668Z"
    },
	{
        "Points": [
            {
                "__type": "GeoPoint",
                "latitude": 35.344255,
                "longitude": -80.73303166666666
            },
            {
                "__type": "GeoPoint",
                "latitude": 35.33585333333333,
                "longitude": -80.72822500000001
            },
            {
                "__type": "GeoPoint",
                "latitude": 35.323528333333336,
                "longitude": -80.71723833333334
            },
            {
                "__type": "GeoPoint",
                "latitude": 35.316245,
                "longitude": -80.71311833333333
            },
            {
                "__type": "GeoPoint",
                "latitude": 35.31064166666667,
                "longitude": -80.70556499999999
            },
            {
                "__type": "GeoPoint",
                "latitude": 35.30728,
                "longitude": -80.697325
            },
            {
                "__type": "GeoPoint",
                "latitude": 35.30391833333333,
                "longitude": -80.68702666666667
            },
            {
                "__type": "GeoPoint",
                "latitude": 35.285423333333334,
                "longitude": -80.6781
            },
            {
                "__type": "GeoPoint",
                "latitude": 35.28094,
                "longitude": -80.67535333333333
            },
            {
                "__type": "GeoPoint",
                "latitude": 35.26972833333333,
                "longitude": -80.67054666666667
            },
            {
                "__type": "GeoPoint",
                "latitude": 35.26412166666667,
                "longitude": -80.67054666666667
            },
            {
                "__type": "GeoPoint",
                "latitude": 35.25459,
                "longitude": -80.65887333333333
            },
            {
                "__type": "GeoPoint",
                "latitude": 35.25178666666667,
                "longitude": -80.65818666666668
            },
            {
                "__type": "GeoPoint",
                "latitude": 35.24393666666666,
                "longitude": -80.65132
            },
            {
                "__type": "GeoPoint",
                "latitude": 35.22038,
                "longitude": -80.65063333333333
            },
            {
                "__type": "GeoPoint",
                "latitude": 35.208038333333334,
                "longitude": -80.64170833333333
            },
            {
                "__type": "GeoPoint",
                "latitude": 35.20298833333333,
                "longitude": -80.63484166666667
            },
            {
                "__type": "GeoPoint",
                "latitude": 35.18503166666667,
                "longitude": -80.63278166666667
            },
            {
                "__type": "GeoPoint",
                "latitude": 35.160336666666666,
                "longitude": -80.62866166666666
            },
            {
                "__type": "GeoPoint",
                "latitude": 35.14910833333333,
                "longitude": -80.62866166666666
            },
            {
                "__type": "GeoPoint",
                "latitude": 35.138439999999996,
                "longitude": -80.64308166666666
            },
            {
                "__type": "GeoPoint",
                "latitude": 35.122155,
                "longitude": -80.6575
            },
            {
                "__type": "GeoPoint",
                "latitude": 35.11822333333334,
                "longitude": -80.66642666666667
            },
            {
                "__type": "GeoPoint",
                "latitude": 35.11092166666666,
                "longitude": -80.68634
            },
            {
                "__type": "GeoPoint",
                "latitude": 35.101371666666665,
                "longitude": -80.71174500000001
            },
            {
                "__type": "GeoPoint",
                "latitude": 35.092945,
                "longitude": -80.717925
            },
            {
                "__type": "GeoPoint",
                "latitude": 35.08002166666667,
                "longitude": -80.73989833333333
            },
            {
                "__type": "GeoPoint",
                "latitude": 35.072154999999995,
                "longitude": -80.74539166666666
            },
            {
                "__type": "GeoPoint",
                "latitude": 35.06541,
                "longitude": -80.75706333333332
            },
            {
                "__type": "GeoPoint",
                "latitude": 35.06091333333333,
                "longitude": -80.78178333333334
            },
            {
                "__type": "GeoPoint",
                "latitude": 35.061476666666664,
                "longitude": -80.81680166666666
            },
            {
                "__type": "GeoPoint",
                "latitude": 35.063725,
                "longitude": -80.84632833333333
            },
            {
                "__type": "GeoPoint",
                "latitude": 35.067658333333334,
                "longitude": -80.86418
            },
            {
                "__type": "GeoPoint",
                "latitude": 35.08283166666667,
                "longitude": -80.87516666666667
            },
            {
                "__type": "GeoPoint",
                "latitude": 35.10418,
                "longitude": -80.88821333333334
            },
            {
                "__type": "GeoPoint",
                "latitude": 35.115415,
                "longitude": -80.90126000000001
            },
            {
                "__type": "GeoPoint",
                "latitude": 35.140125,
                "longitude": -80.932845
            },
            {
                "__type": "GeoPoint",
                "latitude": 35.155845,
                "longitude": -80.949325
            },
            {
                "__type": "GeoPoint",
                "latitude": 35.15809,
                "longitude": -80.957565
            },
            {
                "__type": "GeoPoint",
                "latitude": 35.17829833333334,
                "longitude": -80.97198333333334
            },
            {
                "__type": "GeoPoint",
                "latitude": 35.208038333333334,
                "longitude": -80.97061000000001
            },
            {
                "__type": "GeoPoint",
                "latitude": 35.236085,
                "longitude": -80.97061000000001
            },
            {
                "__type": "GeoPoint",
                "latitude": 35.261878333333335,
                "longitude": -80.96786333333333
            },
            {
                "__type": "GeoPoint",
                "latitude": 35.287665,
                "longitude": -80.96511833333334
            },
            {
                "__type": "GeoPoint",
                "latitude": 35.300555,
                "longitude": -80.95413166666667
            },
            {
                "__type": "GeoPoint",
                "latitude": 35.321286666666666,
                "longitude": -80.94245833333333
            },
            {
                "__type": "GeoPoint",
                "latitude": 35.32857,
                "longitude": -80.92185833333333
            },
            {
                "__type": "GeoPoint",
                "latitude": 35.33697333333334,
                "longitude": -80.89988666666666
            },
            {
                "__type": "GeoPoint",
                "latitude": 35.351535,
                "longitude": -80.86624
            },
            {
                "__type": "GeoPoint",
                "latitude": 35.358815,
                "longitude": -80.85250833333333
            },
            {
                "__type": "GeoPoint",
                "latitude": 35.362175,
                "longitude": -80.81886166666666
            },
            {
                "__type": "GeoPoint",
                "latitude": 35.366655,
                "longitude": -80.79551666666666
            },
            {
                "__type": "GeoPoint",
                "latitude": 35.358815,
                "longitude": -80.74607833333333
            },
            {
                "__type": "GeoPoint",
                "latitude": 35.354335,
                "longitude": -80.74401833333333
            }
        ],
        "createdAt": "2014-11-17T07:42:39.856Z",
        "objectId": "p6CDqYrTIN",
        "title": "Loop 485 Drive",
        "updatedAt": "2014-11-17T07:42:39.856Z"
    },
	{
        "Points": [
            {
                "__type": "GeoPoint",
                "latitude": 35.22472666666667,
                "longitude": -80.86443833333333
            },
            {
                "__type": "GeoPoint",
                "latitude": 35.22641,
                "longitude": -80.86323666666667
            },
            {
                "__type": "GeoPoint",
                "latitude": 35.22823166666667,
                "longitude": -80.86109
            },
            {
                "__type": "GeoPoint",
                "latitude": 35.23075666666667,
                "longitude": -80.85988833333334
            },
            {
                "__type": "GeoPoint",
                "latitude": 35.23342,
                "longitude": -80.85851666666667
            },
            {
                "__type": "GeoPoint",
                "latitude": 35.23496333333333,
                "longitude": -80.85688499999999
            },
            {
                "__type": "GeoPoint",
                "latitude": 35.23931,
                "longitude": -80.85267999999999
            },
            {
                "__type": "GeoPoint",
                "latitude": 35.24162333333334,
                "longitude": -80.84984666666666
            },
            {
                "__type": "GeoPoint",
                "latitude": 35.242113333333336,
                "longitude": -80.84418166666666
            },
            {
                "__type": "GeoPoint",
                "latitude": 35.238328333333335,
                "longitude": -80.84057666666666
            },
            {
                "__type": "GeoPoint",
                "latitude": 35.235663333333335,
                "longitude": -80.839375
            },
            {
                "__type": "GeoPoint",
                "latitude": 35.23335,
                "longitude": -80.83508333333333
            },
            {
                "__type": "GeoPoint",
                "latitude": 35.23047666666666,
                "longitude": -80.831995
            },
            {
                "__type": "GeoPoint",
                "latitude": 35.22795166666666,
                "longitude": -80.82933333333334
            },
            {
                "__type": "GeoPoint",
                "latitude": 35.22619833333333,
                "longitude": -80.82864666666666
            },
            {
                "__type": "GeoPoint",
                "latitude": 35.22465666666667,
                "longitude": -80.828905
            },
            {
                "__type": "GeoPoint",
                "latitude": 35.22171166666667,
                "longitude": -80.82942
            },
            {
                "__type": "GeoPoint",
                "latitude": 35.220659999999995,
                "longitude": -80.83130833333333
            },
            {
                "__type": "GeoPoint",
                "latitude": 35.21904666666667,
                "longitude": -80.83328166666666
            },
            {
                "__type": "GeoPoint",
                "latitude": 35.21631333333333,
                "longitude": -80.837315
            },
            {
                "__type": "GeoPoint",
                "latitude": 35.21519,
                "longitude": -80.84186500000001
            },
            {
                "__type": "GeoPoint",
                "latitude": 35.217365,
                "longitude": -80.84418166666666
            },
            {
                "__type": "GeoPoint",
                "latitude": 35.220800000000004,
                "longitude": -80.84890333333333
            },
            {
                "__type": "GeoPoint",
                "latitude": 35.223885,
                "longitude": -80.85362333333335
            },
            {
                "__type": "GeoPoint",
                "latitude": 35.224516666666666,
                "longitude": -80.85800166666667
            },
            {
                "__type": "GeoPoint",
                "latitude": 35.22465666666667,
                "longitude": -80.86229166666666
            },
            {
                "__type": "GeoPoint",
                "latitude": 35.22507666666667,
                "longitude": -80.86375166666667
            }
        ],
        "createdAt": "2014-11-17T07:43:36.016Z",
        "objectId": "B7rq5rKhx0",
        "title": "Loop 277 Drive",
        "updatedAt": "2014-11-17T07:43:36.016Z"
    }
] }