<?xml version="1.0" encoding="utf-8"?>
<resources>
    <string name="app_name">Profile Form</string>
	<string name="username_label">Username</string>
	<string name="username_hint">Username</string>
	<string name="password_label">Password</string>
	<string name="password_hint">Password</string>
	<string name="password_verify_label">Verify Password</string>
	<string name="password_verify_hint">Password</string>
	<string name="email_label">Email</string>
	<string name="email_hint">Email</string>
	<string name="gender_label">Gender</string>
	<string-array name="Gender">
		<item >Male</item>
	 	<item >Female</item>
	</string-array>
	<string name="accept_agreement_label">Accept Agreement</string>
	<string name="submit_button_label">Submit</string>
	<string name="reset_button_label">Reset</string>
	<string name="exit_button_label">Exit App</string>
	<!-- Error Messages -->
	<string name="success_message">Verification was Successful!</string>
	<string name="username_error_message">Username Not Provided!</string>
	<string name="password_error_message">Password Not Provided!</string>
	<string name="passwordmatch_error_message">Passwords Do Not Match!</string>
	<string name="email_error_message">Email Not Provided!</string>
	<string name="emailpattern_error_message">Email Format Invalid!</string>
	<string name="gender_error_message">No Gender Selected!</string>
	<string name="agreement_error_message">You Must Accept the Agreement!</string>
</resources>