{ "results": [
	{
        "createdAt": "2015-03-19T00:32:21.948Z",
        "location": {
            "__type": "GeoPoint",
            "latitude": 35.053715,
            "longitude": -80.851276
        },
        "name": "Mellow Mushroom",
        "objectId": "moXtspxh2r",
        "updatedAt": "2015-03-19T00:32:21.948Z"
    },
	{
        "createdAt": "2015-03-19T00:32:21.947Z",
        "location": {
            "__type": "GeoPoint",
            "latitude": 35.022529,
            "longitude": -80.848226
        },
        "name": "Big View Diner",
        "objectId": "9By9HL3Met",
        "updatedAt": "2015-03-19T00:32:21.947Z"
    },
	{
        "createdAt": "2015-03-19T00:32:21.950Z",
        "location": {
            "__type": "GeoPoint",
            "latitude": 35.088012,
            "longitude": -80.84624
        },
        "name": "Panera Bread",
        "objectId": "dfjGy43pr7",
        "updatedAt": "2015-03-19T00:32:21.950Z"
    },
	{
        "createdAt": "2015-03-19T00:32:21.951Z",
        "location": {
            "__type": "GeoPoint",
            "latitude": 35.055405,
            "longitude": -80.851677
        },
        "name": "Subway",
        "objectId": "zAz8vSv44H",
        "updatedAt": "2015-03-19T00:32:21.951Z"
    },
	{
        "createdAt": "2015-03-19T00:32:21.952Z",
        "location": {
            "__type": "GeoPoint",
            "latitude": 35.062265,
            "longitude": -80.815462
        },
        "name": "Cantina Fifteen Eleven",
        "objectId": "8FHD887QCa",
        "updatedAt": "2015-03-19T00:32:21.952Z"
    },
	{
        "createdAt": "2015-03-19T00:32:21.952Z",
        "location": {
            "__type": "GeoPoint",
            "latitude": 35.056099,
            "longitude": -80.85279
        },
        "name": "Duckworth's Grill \u0026 Taphouse",
        "objectId": "i1u2foy0Pi",
        "updatedAt": "2015-03-19T00:32:21.952Z"
    },
	{
        "createdAt": "2015-03-19T00:32:21.952Z",
        "location": {
            "__type": "GeoPoint",
            "latitude": 35.058948,
            "longitude": -80.813788
        },
        "name": "Flying Biscuit Cafe",
        "objectId": "cebIitQkB1",
        "updatedAt": "2015-03-19T00:32:21.952Z"
    },
	{
        "createdAt": "2015-03-19T00:32:21.953Z",
        "location": {
            "__type": "GeoPoint",
            "latitude": 35.096735,
            "longitude": -80.778558
        },
        "name": "Le Peep",
        "objectId": "iCPcffpT69",
        "updatedAt": "2015-03-19T00:32:21.953Z"
    },
	{
        "createdAt": "2015-03-19T00:32:21.956Z",
        "location": {
            "__type": "GeoPoint",
            "latitude": 35.071028,
            "longitude": -80.84314
        },
        "name": "Ruby Tuesday",
        "objectId": "ZIWJ5nnK1e",
        "updatedAt": "2015-03-19T00:32:21.956Z"
    },
	{
        "createdAt": "2015-03-19T00:32:29.547Z",
        "location": {
            "__type": "GeoPoint",
            "latitude": 35.440473,
            "longitude": -80.603371
        },
        "name": "Subway",
        "objectId": "zivYRNz1eT",
        "updatedAt": "2015-03-19T00:32:29.547Z"
    },
	{
        "createdAt": "2015-03-19T00:32:29.551Z",
        "location": {
            "__type": "GeoPoint",
            "latitude": 35.399727,
            "longitude": -80.610715
        },
        "name": "Subway",
        "objectId": "ZaHuhmF4KS",
        "updatedAt": "2015-03-19T00:32:29.551Z"
    },
	{
        "createdAt": "2015-03-19T00:32:29.550Z",
        "location": {
            "__type": "GeoPoint",
            "latitude": 35.441342,
            "longitude": -80.607135
        },
        "name": "Golden Corral",
        "objectId": "dfXJDfS28P",
        "updatedAt": "2015-03-19T00:32:29.550Z"
    },
	{
        "createdAt": "2015-03-19T00:32:29.547Z",
        "location": {
            "__type": "GeoPoint",
            "latitude": 35.40942,
            "longitude": -80.580469
        },
        "name": "Union Street Bistro",
        "objectId": "5CkAWmYyYn",
        "updatedAt": "2015-03-19T00:32:29.547Z"
    },
	{
        "createdAt": "2015-03-19T00:32:29.554Z",
        "location": {
            "__type": "GeoPoint",
            "latitude": 35.438878,
            "longitude": -80.607253
        },
        "name": "Mayflower Seafood Restaurant",
        "objectId": "KZ0MuJPr0t",
        "updatedAt": "2015-03-19T00:32:29.554Z"
    },
	{
        "createdAt": "2015-03-19T00:32:29.554Z",
        "location": {
            "__type": "GeoPoint",
            "latitude": 35.439536,
            "longitude": -80.607411
        },
        "name": "Moe's Southwest Grill",
        "objectId": "7M21dlDMBO",
        "updatedAt": "2015-03-19T00:32:29.554Z"
    },
	{
        "createdAt": "2015-03-19T00:32:29.556Z",
        "location": {
            "__type": "GeoPoint",
            "latitude": 35.396598,
            "longitude": -80.608351
        },
        "name": "Pizza Hut",
        "objectId": "fp9qQ62ze7",
        "updatedAt": "2015-03-19T00:32:29.556Z"
    },
	{
        "createdAt": "2015-03-19T00:32:29.560Z",
        "location": {
            "__type": "GeoPoint",
            "latitude": 35.387158,
            "longitude": -80.560325
        },
        "name": "Subway",
        "objectId": "EfgJcSRf0a",
        "updatedAt": "2015-03-19T00:32:29.560Z"
    },
	{
        "createdAt": "2015-03-19T00:32:29.555Z",
        "location": {
            "__type": "GeoPoint",
            "latitude": 35.39675,
            "longitude": -80.607766
        },
        "name": "McDonald's",
        "objectId": "kdkbathvYl",
        "updatedAt": "2015-03-19T00:32:29.555Z"
    },
	{
        "createdAt": "2015-03-19T00:32:43.011Z",
        "location": {
            "__type": "GeoPoint",
            "latitude": 35.225445,
            "longitude": -80.842555
        },
        "name": "Jason's Deli",
        "objectId": "SGuAMxVMco",
        "updatedAt": "2015-03-19T00:32:43.011Z"
    },
	{
        "createdAt": "2015-03-19T00:32:43.012Z",
        "location": {
            "__type": "GeoPoint",
            "latitude": 35.212502,
            "longitude": -80.81786
        },
        "name": "Crisp Elizabeth",
        "objectId": "6hoDBdg0Ep",
        "updatedAt": "2015-03-19T00:32:43.012Z"
    },
	{
        "createdAt": "2015-03-19T00:32:43.013Z",
        "location": {
            "__type": "GeoPoint",
            "latitude": 35.225288,
            "longitude": -80.842556
        },
        "name": "Whisky River",
        "objectId": "2Bx0trsmhf",
        "updatedAt": "2015-03-19T00:32:43.013Z"
    },
	{
        "createdAt": "2015-03-19T00:32:43.020Z",
        "location": {
            "__type": "GeoPoint",
            "latitude": 35.247193,
            "longitude": -80.805791
        },
        "name": "Cabo Fish Taco",
        "objectId": "rDWV3Qf6OX",
        "updatedAt": "2015-03-19T00:32:43.020Z"
    },
	{
        "createdAt": "2015-03-19T00:32:43.014Z",
        "location": {
            "__type": "GeoPoint",
            "latitude": 35.225271,
            "longitude": -80.842382
        },
        "name": "ENSO ASIAN BISTRO AND SUSHI BAR",
        "objectId": "tCRK66X0Y8",
        "updatedAt": "2015-03-19T00:32:43.014Z"
    },
	{
        "createdAt": "2015-03-19T00:32:43.015Z",
        "location": {
            "__type": "GeoPoint",
            "latitude": 35.226003,
            "longitude": -80.894742
        },
        "name": "Subway",
        "objectId": "aD3WhZ7UMG",
        "updatedAt": "2015-03-19T00:32:43.015Z"
    },
	{
        "createdAt": "2015-03-19T00:32:43.021Z",
        "location": {
            "__type": "GeoPoint",
            "latitude": 35.24128,
            "longitude": -80.812364
        },
        "name": "Amelie's",
        "objectId": "1EZCgWK42R",
        "updatedAt": "2015-03-19T00:32:43.021Z"
    },
	{
        "createdAt": "2015-03-19T00:32:43.021Z",
        "location": {
            "__type": "GeoPoint",
            "latitude": 35.228016,
            "longitude": -80.844047
        },
        "name": "Charlotte Marriott City Center",
        "objectId": "QxN92dldau",
        "updatedAt": "2015-03-19T00:32:43.021Z"
    },
	{
        "createdAt": "2015-03-19T00:32:43.015Z",
        "location": {
            "__type": "GeoPoint",
            "latitude": 35.225378,
            "longitude": -80.841961
        },
        "name": "EpiCentre",
        "objectId": "wKbO2jjGnE",
        "updatedAt": "2015-03-19T00:32:43.015Z"
    },
	{
        "createdAt": "2015-03-19T00:38:03.098Z",
        "location": {
            "__type": "GeoPoint",
            "latitude": 40.719603,
            "longitude": -74.010035
        },
        "name": "Tribeca Grill",
        "objectId": "mCs0SJTZi4",
        "updatedAt": "2015-03-19T00:38:03.098Z"
    },
	{
        "createdAt": "2015-03-19T00:38:03.099Z",
        "location": {
            "__type": "GeoPoint",
            "latitude": 40.752023,
            "longitude": -73.977754
        },
        "name": "Pershing Square",
        "objectId": "SN3xoS3gow",
        "updatedAt": "2015-03-19T00:38:03.099Z"
    },
	{
        "createdAt": "2015-03-19T00:38:03.098Z",
        "location": {
            "__type": "GeoPoint",
            "latitude": 40.722196,
            "longitude": -73.987429
        },
        "name": "Katz's Delicatessen",
        "objectId": "x2jsOph2oY",
        "updatedAt": "2015-03-19T00:38:03.098Z"
    },
	{
        "createdAt": "2015-03-19T00:38:03.104Z",
        "location": {
            "__type": "GeoPoint",
            "latitude": 40.722636,
            "longitude": -73.998285
        },
        "name": "Balthazar",
        "objectId": "BQXJQx9SP7",
        "updatedAt": "2015-03-19T00:38:03.104Z"
    },
	{
        "createdAt": "2015-03-19T00:38:03.106Z",
        "location": {
            "__type": "GeoPoint",
            "latitude": 40.702623,
            "longitude": -73.993204
        },
        "name": "Grimaldi's",
        "objectId": "wnOqg5iBBE",
        "updatedAt": "2015-03-19T00:38:03.106Z"
    },
	{
        "createdAt": "2015-03-19T00:38:03.109Z",
        "location": {
            "__type": "GeoPoint",
            "latitude": 40.732572,
            "longitude": -74.002646
        },
        "name": "One if by Land, Two if by Sea",
        "objectId": "Jxu8J7ulTJ",
        "updatedAt": "2015-03-19T00:38:03.109Z"
    },
	{
        "createdAt": "2015-03-19T00:38:03.104Z",
        "location": {
            "__type": "GeoPoint",
            "latitude": 40.752486,
            "longitude": -73.977423
        },
        "name": "Grand Central Oyster Bar \u0026 Restaurant",
        "objectId": "EBqGLam40t",
        "updatedAt": "2015-03-19T00:38:03.104Z"
    },
	{
        "createdAt": "2015-03-19T00:38:03.107Z",
        "location": {
            "__type": "GeoPoint",
            "latitude": 40.731398,
            "longitude": -74.002462
        },
        "name": "The Cornelia Street Cafe",
        "objectId": "0OIQV1wk51",
        "updatedAt": "2015-03-19T00:38:03.107Z"
    },
	{
        "createdAt": "2015-03-19T00:38:03.139Z",
        "location": {
            "__type": "GeoPoint",
            "latitude": 40.735642,
            "longitude": -74.006688
        },
        "name": "The Spotted Pig",
        "objectId": "EMi8vOWcTh",
        "updatedAt": "2015-03-19T00:38:03.139Z"
    },
	{
        "createdAt": "2015-03-19T00:39:16.074Z",
        "location": {
            "__type": "GeoPoint",
            "latitude": 41.029196,
            "longitude": -73.759468
        },
        "name": "The Cheesecake Factory",
        "objectId": "CBFly8ZFip",
        "updatedAt": "2015-03-19T00:39:16.074Z"
    },
	{
        "createdAt": "2015-03-19T00:39:16.083Z",
        "location": {
            "__type": "GeoPoint",
            "latitude": 41.028724,
            "longitude": -73.764736
        },
        "name": "Hudson Grille",
        "objectId": "DkTLWuE2Ad",
        "updatedAt": "2015-03-19T00:39:16.083Z"
    },
	{
        "createdAt": "2015-03-19T00:39:16.080Z",
        "location": {
            "__type": "GeoPoint",
            "latitude": 41.037421,
            "longitude": -73.808051
        },
        "name": "Royal Palace",
        "objectId": "I4BqurDj1x",
        "updatedAt": "2015-03-19T00:39:16.080Z"
    },
	{
        "createdAt": "2015-03-19T00:39:16.078Z",
        "location": {
            "__type": "GeoPoint",
            "latitude": 41.030113,
            "longitude": -73.766732
        },
        "name": "Mulino's of Westchester",
        "objectId": "HBoc3tj2S3",
        "updatedAt": "2015-03-19T00:39:16.078Z"
    },
	{
        "createdAt": "2015-03-19T00:39:16.087Z",
        "location": {
            "__type": "GeoPoint",
            "latitude": 41.033243,
            "longitude": -73.767593
        },
        "name": "42 The Restaurant",
        "objectId": "13ECtzs7c8",
        "updatedAt": "2015-03-19T00:39:16.087Z"
    },
	{
        "createdAt": "2015-03-19T00:39:16.077Z",
        "location": {
            "__type": "GeoPoint",
            "latitude": 41.02847,
            "longitude": -73.7648
        },
        "name": "The Brazen Fox",
        "objectId": "HwdcbgPusR",
        "updatedAt": "2015-03-19T00:39:16.077Z"
    },
	{
        "createdAt": "2015-03-19T00:39:16.083Z",
        "location": {
            "__type": "GeoPoint",
            "latitude": 41.03264,
            "longitude": -73.767252
        },
        "name": "BLT Steak",
        "objectId": "fWTOkew1a1",
        "updatedAt": "2015-03-19T00:39:16.083Z"
    },
	{
        "createdAt": "2015-03-19T00:39:16.092Z",
        "location": {
            "__type": "GeoPoint",
            "latitude": 41.028549,
            "longitude": -73.75866
        },
        "name": "Whole Foods Market",
        "objectId": "a32IQ6vI4u",
        "updatedAt": "2015-03-19T00:39:16.092Z"
    },
	{
        "createdAt": "2015-03-19T00:39:16.113Z",
        "location": {
            "__type": "GeoPoint",
            "latitude": 41.0364,
            "longitude": -73.780008
        },
        "name": "City Limits Diner",
        "objectId": "CFfSUzcb7j",
        "updatedAt": "2015-03-19T00:39:16.113Z"
    },
	{
        "createdAt": "2015-03-19T00:41:07.034Z",
        "location": {
            "__type": "GeoPoint",
            "latitude": 40.884627,
            "longitude": -73.899729
        },
        "name": "Bronx Ale House",
        "objectId": "ahUi3jgO0D",
        "updatedAt": "2015-03-19T00:41:07.034Z"
    },
	{
        "createdAt": "2015-03-19T00:41:07.034Z",
        "location": {
            "__type": "GeoPoint",
            "latitude": 40.819099,
            "longitude": -73.817514
        },
        "name": "Tosca",
        "objectId": "uhqY4kpmBt",
        "updatedAt": "2015-03-19T00:41:07.034Z"
    },
	{
        "createdAt": "2015-03-19T00:41:07.033Z",
        "location": {
            "__type": "GeoPoint",
            "latitude": 40.866072,
            "longitude": -73.826279
        },
        "name": "Applebee's",
        "objectId": "1KM3dJ5Oav",
        "updatedAt": "2015-03-19T00:41:07.033Z"
    },
	{
        "createdAt": "2015-03-19T00:41:07.035Z",
        "location": {
            "__type": "GeoPoint",
            "latitude": 40.848723,
            "longitude": -73.862279
        },
        "name": "Pine Restaurant",
        "objectId": "TeEx32vkYB",
        "updatedAt": "2015-03-19T00:41:07.035Z"
    },
	{
        "createdAt": "2015-03-19T00:41:07.029Z",
        "location": {
            "__type": "GeoPoint",
            "latitude": 40.865306,
            "longitude": -73.864616
        },
        "name": "Allerton",
        "objectId": "DtS5VDQXB5",
        "updatedAt": "2015-03-19T00:41:07.029Z"
    },
	{
        "createdAt": "2015-03-19T00:41:07.037Z",
        "location": {
            "__type": "GeoPoint",
            "latitude": 40.83677,
            "longitude": -73.88596
        },
        "name": "IHOP",
        "objectId": "0RtmvWqEst",
        "updatedAt": "2015-03-19T00:41:07.037Z"
    },
	{
        "createdAt": "2015-03-19T00:41:07.039Z",
        "location": {
            "__type": "GeoPoint",
            "latitude": 40.8632,
            "longitude": -73.833261
        },
        "name": "Chuck E. Cheese's",
        "objectId": "lZNe19ueOm",
        "updatedAt": "2015-03-19T00:41:07.039Z"
    },
	{
        "createdAt": "2015-03-19T00:41:07.039Z",
        "location": {
            "__type": "GeoPoint",
            "latitude": 40.873455,
            "longitude": -73.90855
        },
        "name": "Starbucks",
        "objectId": "es325A7BJ4",
        "updatedAt": "2015-03-19T00:41:07.039Z"
    },
	{
        "createdAt": "2015-03-19T00:41:07.041Z",
        "location": {
            "__type": "GeoPoint",
            "latitude": 40.845093,
            "longitude": -73.844941
        },
        "name": "Pine Bar \u0026 Grill",
        "objectId": "FLbM9t4sUt",
        "updatedAt": "2015-03-19T00:41:07.041Z"
    },
	{
        "createdAt": "2015-03-19T00:42:43.702Z",
        "location": {
            "__type": "GeoPoint",
            "latitude": 41.913428,
            "longitude": -87.648135
        },
        "name": "Alinea",
        "objectId": "Xi5femGlmd",
        "updatedAt": "2015-03-19T00:42:43.702Z"
    },
	{
        "createdAt": "2015-03-19T00:42:43.705Z",
        "location": {
            "__type": "GeoPoint",
            "latitude": 41.890476,
            "longitude": -87.630956
        },
        "name": "Frontera Grill",
        "objectId": "1Lsoig4tVx",
        "updatedAt": "2015-03-19T00:42:43.705Z"
    },
	{
        "createdAt": "2015-03-19T00:42:43.708Z",
        "location": {
            "__type": "GeoPoint",
            "latitude": 41.906011,
            "longitude": -87.628363
        },
        "name": "Pump Room",
        "objectId": "YIX1W0zVNB",
        "updatedAt": "2015-03-19T00:42:43.708Z"
    },
	{
        "createdAt": "2015-03-19T00:42:43.707Z",
        "location": {
            "__type": "GeoPoint",
            "latitude": 41.910892,
            "longitude": -87.64082
        },
        "name": "Old Town Social",
        "objectId": "xAy2cXU4lG",
        "updatedAt": "2015-03-19T00:42:43.707Z"
    },
	{
        "createdAt": "2015-03-19T00:42:43.715Z",
        "location": {
            "__type": "GeoPoint",
            "latitude": 41.88165,
            "longitude": -87.626636
        },
        "name": "The Silversmith Hotel",
        "objectId": "2qXnRRMTCl",
        "updatedAt": "2015-03-19T00:42:43.715Z"
    },
	{
        "createdAt": "2015-03-19T00:42:43.714Z",
        "location": {
            "__type": "GeoPoint",
            "latitude": 41.877833,
            "longitude": -87.642078
        },
        "name": "Lou Mitchell's",
        "objectId": "rSFwuDMYSe",
        "updatedAt": "2015-03-19T00:42:43.714Z"
    },
	{
        "createdAt": "2015-03-19T00:42:43.714Z",
        "location": {
            "__type": "GeoPoint",
            "latitude": 41.878981,
            "longitude": -87.647571
        },
        "name": "Greek Islands",
        "objectId": "t98ZhUAH1Q",
        "updatedAt": "2015-03-19T00:42:43.714Z"
    },
	{
        "createdAt": "2015-03-19T00:42:43.741Z",
        "location": {
            "__type": "GeoPoint",
            "latitude": 41.879252,
            "longitude": -87.628406
        },
        "name": "Berghoff Catering \u0026 Restaurant Group",
        "objectId": "FG2ZrB4Fdv",
        "updatedAt": "2015-03-19T00:42:43.741Z"
    },
	{
        "createdAt": "2015-03-19T00:42:43.742Z",
        "location": {
            "__type": "GeoPoint",
            "latitude": 41.890264,
            "longitude": -87.624763
        },
        "name": "Billy Goat Tavern",
        "objectId": "lALHpO1kmD",
        "updatedAt": "2015-03-19T00:42:43.742Z"
    },
	{
        "createdAt": "2015-03-19T00:45:07.110Z",
        "location": {
            "__type": "GeoPoint",
            "latitude": 41.99372,
            "longitude": -87.86339
        },
        "name": "Ram Restaurant \u0026 Brewery",
        "objectId": "xrf3y1rYUO",
        "updatedAt": "2015-03-19T00:45:07.110Z"
    },
	{
        "createdAt": "2015-03-19T00:45:07.113Z",
        "location": {
            "__type": "GeoPoint",
            "latitude": 41.997209,
            "longitude": -87.882141
        },
        "name": "Harry Caray's Italian Steakhouse",
        "objectId": "6JrVv2zcRo",
        "updatedAt": "2015-03-19T00:45:07.113Z"
    },
	{
        "createdAt": "2015-03-19T00:45:07.107Z",
        "location": {
            "__type": "GeoPoint",
            "latitude": 42.040284,
            "longitude": -87.846413
        },
        "name": "Portillo's",
        "objectId": "b0CyvDOim7",
        "updatedAt": "2015-03-19T00:45:07.107Z"
    },
	{
        "createdAt": "2015-03-19T00:45:07.110Z",
        "location": {
            "__type": "GeoPoint",
            "latitude": 41.991123,
            "longitude": -87.861273
        },
        "name": "Giordano's Pizza",
        "objectId": "R2D1BR9qw5",
        "updatedAt": "2015-03-19T00:45:07.110Z"
    },
	{
        "createdAt": "2015-03-19T00:45:07.109Z",
        "location": {
            "__type": "GeoPoint",
            "latitude": 42.052881,
            "longitude": -87.832472
        },
        "name": "CiCi's Pizza",
        "objectId": "UM6OkxYeEe",
        "updatedAt": "2015-03-19T00:45:07.109Z"
    },
	{
        "createdAt": "2015-03-19T00:45:07.107Z",
        "location": {
            "__type": "GeoPoint",
            "latitude": 41.998903,
            "longitude": -87.885546
        },
        "name": "Shoeless Joe's Ale House \u0026 Grille",
        "objectId": "nMATV9eltV",
        "updatedAt": "2015-03-19T00:45:07.107Z"
    },
	{
        "createdAt": "2015-03-19T00:45:07.108Z",
        "location": {
            "__type": "GeoPoint",
            "latitude": 42.01895,
            "longitude": -87.843055
        },
        "name": "Lou Malnati's Pizzeria",
        "objectId": "6zuoq2qfBA",
        "updatedAt": "2015-03-19T00:45:07.108Z"
    },
	{
        "createdAt": "2015-03-19T00:45:07.177Z",
        "location": {
            "__type": "GeoPoint",
            "latitude": 42.053302,
            "longitude": -87.831686
        },
        "name": "Himalayan Restaurant",
        "objectId": "M81ELVhWoZ",
        "updatedAt": "2015-03-19T00:45:07.177Z"
    },
	{
        "createdAt": "2015-03-19T00:45:07.243Z",
        "location": {
            "__type": "GeoPoint",
            "latitude": 42.002771,
            "longitude": -87.883901
        },
        "name": "Cafe La Cave",
        "objectId": "LGbwFagB0Q",
        "updatedAt": "2015-03-19T00:45:07.243Z"
    },
	{
        "createdAt": "2015-03-19T00:46:17.451Z",
        "location": {
            "__type": "GeoPoint",
            "latitude": 41.991123,
            "longitude": -87.861273
        },
        "name": "Giordano's Pizza",
        "objectId": "gnaZsj8E4Y",
        "updatedAt": "2015-03-19T00:46:17.451Z"
    },
	{
        "createdAt": "2015-03-19T00:46:17.450Z",
        "location": {
            "__type": "GeoPoint",
            "latitude": 41.990518,
            "longitude": -87.748664
        },
        "name": "Whole Foods Market",
        "objectId": "p7A50fXGBK",
        "updatedAt": "2015-03-19T00:46:17.450Z"
    },
	{
        "createdAt": "2015-03-19T00:46:17.453Z",
        "location": {
            "__type": "GeoPoint",
            "latitude": 41.978401,
            "longitude": -87.862904
        },
        "name": "Gibsons Bar \u0026 Steakhouse",
        "objectId": "mlL3uTQ4Hk",
        "updatedAt": "2015-03-19T00:46:17.453Z"
    },
	{
        "createdAt": "2015-03-19T00:46:17.455Z",
        "location": {
            "__type": "GeoPoint",
            "latitude": 42.057146,
            "longitude": -87.748665
        },
        "name": "Maggiano's Little Italy",
        "objectId": "054FKbQNYp",
        "updatedAt": "2015-03-19T00:46:17.455Z"
    },
	{
        "createdAt": "2015-03-19T00:46:17.453Z",
        "location": {
            "__type": "GeoPoint",
            "latitude": 41.987531,
            "longitude": -87.85864
        },
        "name": "Carlucci Rosemont",
        "objectId": "zCfaeatNN7",
        "updatedAt": "2015-03-19T00:46:17.453Z"
    },
	{
        "createdAt": "2015-03-19T00:46:17.454Z",
        "location": {
            "__type": "GeoPoint",
            "latitude": 41.98327,
            "longitude": -87.840733
        },
        "name": "Renaissance Chicago O'Hare Suites Hotel",
        "objectId": "mOAwzkG6pZ",
        "updatedAt": "2015-03-19T00:46:17.454Z"
    },
	{
        "createdAt": "2015-03-19T00:46:17.452Z",
        "location": {
            "__type": "GeoPoint",
            "latitude": 41.996782,
            "longitude": -87.787035
        },
        "name": "Superdawg Drive-In",
        "objectId": "YGio3nLyDv",
        "updatedAt": "2015-03-19T00:46:17.452Z"
    },
	{
        "createdAt": "2015-03-19T00:46:17.459Z",
        "location": {
            "__type": "GeoPoint",
            "latitude": 41.985223,
            "longitude": -87.841196
        },
        "name": "Chicago Marriott O'Hare",
        "objectId": "aTmlvel3tI",
        "updatedAt": "2015-03-19T00:46:17.459Z"
    },
	{
        "createdAt": "2015-03-19T00:46:17.487Z",
        "location": {
            "__type": "GeoPoint",
            "latitude": 41.985218,
            "longitude": -87.844838
        },
        "name": "Gino's East",
        "objectId": "USgGq58emT",
        "updatedAt": "2015-03-19T00:46:17.487Z"
    },
	{
        "createdAt": "2015-03-19T00:49:32.694Z",
        "location": {
            "__type": "GeoPoint",
            "latitude": 33.779332,
            "longitude": -84.367258
        },
        "name": "The Highlander",
        "objectId": "CV5ukGOEd5",
        "updatedAt": "2015-03-19T00:49:32.694Z"
    },
	{
        "createdAt": "2015-03-19T00:49:32.693Z",
        "location": {
            "__type": "GeoPoint",
            "latitude": 33.771692,
            "longitude": -84.389334
        },
        "name": "The Varsity",
        "objectId": "qhkuMhfYvP",
        "updatedAt": "2015-03-19T00:49:32.693Z"
    },
	{
        "createdAt": "2015-03-19T00:49:32.698Z",
        "location": {
            "__type": "GeoPoint",
            "latitude": 33.759346,
            "longitude": -84.388572
        },
        "name": "Sun Dial",
        "objectId": "cccyJ3lqbs",
        "updatedAt": "2015-03-19T00:49:32.698Z"
    },
	{
        "createdAt": "2015-03-19T00:49:32.696Z",
        "location": {
            "__type": "GeoPoint",
            "latitude": 33.74098,
            "longitude": -84.345933
        },
        "name": "The EARL",
        "objectId": "DtUOz4rT7x",
        "updatedAt": "2015-03-19T00:49:32.696Z"
    },
	{
        "createdAt": "2015-03-19T00:49:32.694Z",
        "location": {
            "__type": "GeoPoint",
            "latitude": 33.768174,
            "longitude": -84.385106
        },
        "name": "Atlanta Shakespeare Co",
        "objectId": "E6HkIk0kFC",
        "updatedAt": "2015-03-19T00:49:32.694Z"
    },
	{
        "createdAt": "2015-03-19T00:49:32.697Z",
        "location": {
            "__type": "GeoPoint",
            "latitude": 33.776156,
            "longitude": -84.352838
        },
        "name": "Atkins Park",
        "objectId": "of2isyP85S",
        "updatedAt": "2015-03-19T00:49:32.697Z"
    },
	{
        "createdAt": "2015-03-19T00:49:32.697Z",
        "location": {
            "__type": "GeoPoint",
            "latitude": 33.766247,
            "longitude": -84.349235
        },
        "name": "Vortex Bar \u0026 Grill",
        "objectId": "wy0sWXxTew",
        "updatedAt": "2015-03-19T00:49:32.697Z"
    },
	{
        "createdAt": "2015-03-19T00:49:32.727Z",
        "location": {
            "__type": "GeoPoint",
            "latitude": 33.772907,
            "longitude": -84.379996
        },
        "name": "Mary Mac's Tea Room",
        "objectId": "sgRFU5tXxn",
        "updatedAt": "2015-03-19T00:49:32.727Z"
    },
	{
        "createdAt": "2015-03-19T00:49:32.738Z",
        "location": {
            "__type": "GeoPoint",
            "latitude": 33.761855,
            "longitude": -84.39672
        },
        "name": "Stats",
        "objectId": "8ltHapy77K",
        "updatedAt": "2015-03-19T00:49:32.738Z"
    },
	{
        "createdAt": "2015-03-19T00:49:41.810Z",
        "location": {
            "__type": "GeoPoint",
            "latitude": 33.924932,
            "longitude": -84.33569
        },
        "name": "Eclipse di Luna",
        "objectId": "nw7PPsmvnd",
        "updatedAt": "2015-03-19T00:49:41.810Z"
    },
	{
        "createdAt": "2015-03-19T00:49:41.815Z",
        "location": {
            "__type": "GeoPoint",
            "latitude": 33.932563,
            "longitude": -84.339036
        },
        "name": "McCormick \u0026 Schmick's Seafood \u0026 Steaks",
        "objectId": "xoBwZuibUW",
        "updatedAt": "2015-03-19T00:49:41.815Z"
    },
	{
        "createdAt": "2015-03-19T00:49:41.819Z",
        "location": {
            "__type": "GeoPoint",
            "latitude": 33.925211,
            "longitude": -84.335712
        },
        "name": "Cafe Intermezzo",
        "objectId": "jQ9JAHuYPq",
        "updatedAt": "2015-03-19T00:49:41.819Z"
    },
	{
        "createdAt": "2015-03-19T00:49:41.820Z",
        "location": {
            "__type": "GeoPoint",
            "latitude": 33.889793,
            "longitude": -84.383422
        },
        "name": "Wok N Roll Restaurant",
        "objectId": "rWl6iqqmPA",
        "updatedAt": "2015-03-19T00:49:41.820Z"
    },
	{
        "createdAt": "2015-03-19T00:49:41.827Z",
        "location": {
            "__type": "GeoPoint",
            "latitude": 33.923075,
            "longitude": -84.34012
        },
        "name": "Maggiano's Little Italy",
        "objectId": "iBj1uP3CPT",
        "updatedAt": "2015-03-19T00:49:41.827Z"
    },
	{
        "createdAt": "2015-03-19T00:49:41.820Z",
        "location": {
            "__type": "GeoPoint",
            "latitude": 33.924806,
            "longitude": -84.336361
        },
        "name": "Sage Woodfire Tavern Perimeter",
        "objectId": "wkQvIqiS1O",
        "updatedAt": "2015-03-19T00:49:41.820Z"
    },
	{
        "createdAt": "2015-03-19T00:49:41.821Z",
        "location": {
            "__type": "GeoPoint",
            "latitude": 33.924513,
            "longitude": -84.335363
        },
        "name": "McKendrick's Steak House",
        "objectId": "iQsEeHTly8",
        "updatedAt": "2015-03-19T00:49:41.821Z"
    },
	{
        "createdAt": "2015-03-19T00:49:41.817Z",
        "location": {
            "__type": "GeoPoint",
            "latitude": 33.937603,
            "longitude": -84.378775
        },
        "name": "Nori Nori",
        "objectId": "B6M5wW1rIt",
        "updatedAt": "2015-03-19T00:49:41.817Z"
    },
	{
        "createdAt": "2015-03-19T00:49:41.836Z",
        "location": {
            "__type": "GeoPoint",
            "latitude": 33.932785,
            "longitude": -84.351176
        },
        "name": "Tilted Kilt Perimeter",
        "objectId": "NTfz2WI2du",
        "updatedAt": "2015-03-19T00:49:41.836Z"
    },
	{
        "createdAt": "2015-03-19T00:49:50.821Z",
        "location": {
            "__type": "GeoPoint",
            "latitude": 33.84567,
            "longitude": -84.374506
        },
        "name": "Jason's Deli",
        "objectId": "J3CiaYGyVP",
        "updatedAt": "2015-03-19T00:49:50.821Z"
    },
	{
        "createdAt": "2015-03-19T00:49:50.823Z",
        "location": {
            "__type": "GeoPoint",
            "latitude": 33.840604,
            "longitude": -84.369492
        },
        "name": "Fogo de Chão Brazilian Steakhouse",
        "objectId": "MaMDn3eEWO",
        "updatedAt": "2015-03-19T00:49:50.823Z"
    },
	{
        "createdAt": "2015-03-19T00:49:50.822Z",
        "location": {
            "__type": "GeoPoint",
            "latitude": 33.848188,
            "longitude": -84.367336
        },
        "name": "Maggiano's Little Italy",
        "objectId": "HPxF5kwoA6",
        "updatedAt": "2015-03-19T00:49:50.822Z"
    },
	{
        "createdAt": "2015-03-19T00:49:50.824Z",
        "location": {
            "__type": "GeoPoint",
            "latitude": 33.852528,
            "longitude": -84.361216
        },
        "name": "Twist Restaurant and Tapas Bar",
        "objectId": "OuvPDLDSkp",
        "updatedAt": "2015-03-19T00:49:50.824Z"
    },
	{
        "createdAt": "2015-03-19T00:49:50.821Z",
        "location": {
            "__type": "GeoPoint",
            "latitude": 33.845926,
            "longitude": -84.35823
        },
        "name": "Houston's",
        "objectId": "h0KrHVpuNM",
        "updatedAt": "2015-03-19T00:49:50.821Z"
    },
	{
        "createdAt": "2015-03-19T00:49:50.822Z",
        "location": {
            "__type": "GeoPoint",
            "latitude": 33.836676,
            "longitude": -84.378795
        },
        "name": "Atlanta Fish Market",
        "objectId": "hsJqBc4aQV",
        "updatedAt": "2015-03-19T00:49:50.822Z"
    },
	{
        "createdAt": "2015-03-19T00:49:50.826Z",
        "location": {
            "__type": "GeoPoint",
            "latitude": 33.882515,
            "longitude": -84.289391
        },
        "name": "Canton House Chinese Restaurant",
        "objectId": "9WYTwCDbZA",
        "updatedAt": "2015-03-19T00:49:50.826Z"
    },
	{
        "createdAt": "2015-03-19T00:49:50.828Z",
        "location": {
            "__type": "GeoPoint",
            "latitude": 33.839468,
            "longitude": -84.381309
        },
        "name": "King + Duke",
        "objectId": "fNBmCjztiC",
        "updatedAt": "2015-03-19T00:49:50.828Z"
    },
	{
        "createdAt": "2015-03-19T00:49:50.857Z",
        "location": {
            "__type": "GeoPoint",
            "latitude": 33.840461,
            "longitude": -84.370253
        },
        "name": "Ocean Prime",
        "objectId": "kA46TuSDF3",
        "updatedAt": "2015-03-19T00:49:50.857Z"
    },
	{
        "createdAt": "2015-03-19T00:52:45.297Z",
        "location": {
            "__type": "GeoPoint",
            "latitude": 34.045987,
            "longitude": -118.248921
        },
        "name": "Nickel Diner",
        "objectId": "ZwftrOIKIk",
        "updatedAt": "2015-03-19T00:52:45.297Z"
    },
	{
        "createdAt": "2015-03-19T00:52:45.296Z",
        "location": {
            "__type": "GeoPoint",
            "latitude": 34.093803,
            "longitude": -118.282433
        },
        "name": "El Cid",
        "objectId": "qnrLNDyqiG",
        "updatedAt": "2015-03-19T00:52:45.296Z"
    },
	{
        "createdAt": "2015-03-19T00:52:45.297Z",
        "location": {
            "__type": "GeoPoint",
            "latitude": 34.046984,
            "longitude": -118.256576
        },
        "name": "Bottega Louie",
        "objectId": "TO4sK72t6M",
        "updatedAt": "2015-03-19T00:52:45.297Z"
    },
	{
        "createdAt": "2015-03-19T00:52:45.299Z",
        "location": {
            "__type": "GeoPoint",
            "latitude": 34.059681,
            "longitude": -118.236986
        },
        "name": "Philippe The Original",
        "objectId": "hwKy8ma0MM",
        "updatedAt": "2015-03-19T00:52:45.299Z"
    },
	{
        "createdAt": "2015-03-19T00:52:45.300Z",
        "location": {
            "__type": "GeoPoint",
            "latitude": 34.049626,
            "longitude": -118.255
        },
        "name": "Hilton Checkers Los Angeles",
        "objectId": "o9nPH1d7rT",
        "updatedAt": "2015-03-19T00:52:45.300Z"
    },
	{
        "createdAt": "2015-03-19T00:52:45.301Z",
        "location": {
            "__type": "GeoPoint",
            "latitude": 34.0448,
            "longitude": -118.249584
        },
        "name": "Cole's",
        "objectId": "wNfsA2yXjg",
        "updatedAt": "2015-03-19T00:52:45.301Z"
    },
	{
        "createdAt": "2015-03-19T00:52:45.301Z",
        "location": {
            "__type": "GeoPoint",
            "latitude": 34.092224,
            "longitude": -118.27968
        },
        "name": "The Black Cat",
        "objectId": "BSQ4FZWaxD",
        "updatedAt": "2015-03-19T00:52:45.301Z"
    },
	{
        "createdAt": "2015-03-19T00:52:45.301Z",
        "location": {
            "__type": "GeoPoint",
            "latitude": 34.069526,
            "longitude": -118.276223
        },
        "name": "Original Tommy's",
        "objectId": "PD05C6aiXU",
        "updatedAt": "2015-03-19T00:52:45.301Z"
    },
	{
        "createdAt": "2015-03-19T00:52:45.332Z",
        "location": {
            "__type": "GeoPoint",
            "latitude": 34.049603,
            "longitude": -118.259228
        },
        "name": "Engine Co. No. 28.",
        "objectId": "kVc59z7Cno",
        "updatedAt": "2015-03-19T00:52:45.332Z"
    },
	{
        "createdAt": "2015-03-19T00:52:55.019Z",
        "location": {
            "__type": "GeoPoint",
            "latitude": 34.048254,
            "longitude": -118.211438
        },
        "name": "Guisados Tacos",
        "objectId": "sO58ArLldF",
        "updatedAt": "2015-03-19T00:52:55.019Z"
    },
	{
        "createdAt": "2015-03-19T00:52:55.021Z",
        "location": {
            "__type": "GeoPoint",
            "latitude": 34.027622,
            "longitude": -118.132337
        },
        "name": "Quiet Cannon",
        "objectId": "5kI47zcPy5",
        "updatedAt": "2015-03-19T00:52:55.021Z"
    },
	{
        "createdAt": "2015-03-19T00:52:55.020Z",
        "location": {
            "__type": "GeoPoint",
            "latitude": 34.007797,
            "longitude": -118.159071
        },
        "name": "Steven's Steak \u0026 Seafood House",
        "objectId": "7eL634G1wn",
        "updatedAt": "2015-03-19T00:52:55.020Z"
    },
	{
        "createdAt": "2015-03-19T00:52:55.016Z",
        "location": {
            "__type": "GeoPoint",
            "latitude": 34.003567,
            "longitude": -118.150717
        },
        "name": "DoubleTree by Hilton Los Angeles - Commerce",
        "objectId": "77BWgPRPql",
        "updatedAt": "2015-03-19T00:52:55.016Z"
    },
	{
        "createdAt": "2015-03-19T00:52:55.021Z",
        "location": {
            "__type": "GeoPoint",
            "latitude": 34.037022,
            "longitude": -118.19389
        },
        "name": "El Mercadito Mariachi Restaurant",
        "objectId": "3w3IvSDjit",
        "updatedAt": "2015-03-19T00:52:55.021Z"
    },
	{
        "createdAt": "2015-03-19T00:52:55.021Z",
        "location": {
            "__type": "GeoPoint",
            "latitude": 34.047738,
            "longitude": -118.197579
        },
        "name": "Manuel's Original El Tepeyac Cafe",
        "objectId": "ZjfbopvI1P",
        "updatedAt": "2015-03-19T00:52:55.021Z"
    },
	{
        "createdAt": "2015-03-19T00:52:55.043Z",
        "location": {
            "__type": "GeoPoint",
            "latitude": 34.06044,
            "longitude": -118.161988
        },
        "name": "Luminarias",
        "objectId": "lMFtpb7Bjc",
        "updatedAt": "2015-03-19T00:52:55.043Z"
    },
	{
        "createdAt": "2015-03-19T00:52:55.056Z",
        "location": {
            "__type": "GeoPoint",
            "latitude": 34.058469,
            "longitude": -118.133165
        },
        "name": "NBC Seafood Restaurant",
        "objectId": "RV2apvHT3A",
        "updatedAt": "2015-03-19T00:52:55.056Z"
    },
	{
        "createdAt": "2015-03-19T00:52:55.197Z",
        "location": {
            "__type": "GeoPoint",
            "latitude": 34.006297,
            "longitude": -118.1528
        },
        "name": "Ruby's Diner",
        "objectId": "vtkc5Z5bvP",
        "updatedAt": "2015-03-19T00:52:55.197Z"
    },
	{
        "createdAt": "2015-03-19T00:53:05.353Z",
        "location": {
            "__type": "GeoPoint",
            "latitude": 34.075707,
            "longitude": -118.384153
        },
        "name": "The Ivy Restaurant",
        "objectId": "01oTC2MfpY",
        "updatedAt": "2015-03-19T00:53:05.353Z"
    },
	{
        "createdAt": "2015-03-19T00:53:05.355Z",
        "location": {
            "__type": "GeoPoint",
            "latitude": 34.067621,
            "longitude": -118.397652
        },
        "name": "Spago",
        "objectId": "SiYiJ14IJC",
        "updatedAt": "2015-03-19T00:53:05.355Z"
    },
	{
        "createdAt": "2015-03-19T00:53:05.352Z",
        "location": {
            "__type": "GeoPoint",
            "latitude": 34.05945,
            "longitude": -118.443531
        },
        "name": "Hammer Museum",
        "objectId": "EFnUitDOfM",
        "updatedAt": "2015-03-19T00:53:05.352Z"
    },
	{
        "createdAt": "2015-03-19T00:53:05.355Z",
        "location": {
            "__type": "GeoPoint",
            "latitude": 34.090909,
            "longitude": -118.38822
        },
        "name": "Rainbow Bar \u0026 Grill",
        "objectId": "jb0dAlL5vc",
        "updatedAt": "2015-03-19T00:53:05.355Z"
    },
	{
        "createdAt": "2015-03-19T00:53:05.354Z",
        "location": {
            "__type": "GeoPoint",
            "latitude": 34.079201,
            "longitude": -118.361797
        },
        "name": "Animal Restaurant",
        "objectId": "BuBdiEZ8dU",
        "updatedAt": "2015-03-19T00:53:05.354Z"
    },
	{
        "createdAt": "2015-03-19T00:53:05.356Z",
        "location": {
            "__type": "GeoPoint",
            "latitude": 34.075898,
            "longitude": -118.349267
        },
        "name": "El Coyote Mexican Cafe",
        "objectId": "CMdfAY51Nr",
        "updatedAt": "2015-03-19T00:53:05.356Z"
    },
	{
        "createdAt": "2015-03-19T00:53:05.356Z",
        "location": {
            "__type": "GeoPoint",
            "latitude": 34.0789,
            "longitude": -118.361722
        },
        "name": "Canter's Deli",
        "objectId": "7QZNwuTHvV",
        "updatedAt": "2015-03-19T00:53:05.356Z"
    },
	{
        "createdAt": "2015-03-19T00:53:05.355Z",
        "location": {
            "__type": "GeoPoint",
            "latitude": 34.040685,
            "longitude": -118.427828
        },
        "name": "The Apple Pan",
        "objectId": "G3jUlvdw5j",
        "updatedAt": "2015-03-19T00:53:05.355Z"
    },
	{
        "createdAt": "2015-03-19T00:53:05.400Z",
        "location": {
            "__type": "GeoPoint",
            "latitude": 34.095388,
            "longitude": -118.373233
        },
        "name": "Andaz West Hollywood",
        "objectId": "tCtiLqCfdg",
        "updatedAt": "2015-03-19T00:53:05.400Z"
    },
	{
        "createdAt": "2015-03-19T00:56:50.797Z",
        "location": {
            "__type": "GeoPoint",
            "latitude": 37.806132,
            "longitude": -122.432031
        },
        "name": "Greens Restaurant",
        "objectId": "qLNijtCFkc",
        "updatedAt": "2015-03-19T00:56:50.797Z"
    },
	{
        "createdAt": "2015-03-19T00:56:50.796Z",
        "location": {
            "__type": "GeoPoint",
            "latitude": 37.793388,
            "longitude": -122.399454
        },
        "name": "Tadich Grill",
        "objectId": "kGWtm4Ktjh",
        "updatedAt": "2015-03-19T00:56:50.796Z"
    },
	{
        "createdAt": "2015-03-19T00:56:50.797Z",
        "location": {
            "__type": "GeoPoint",
            "latitude": 37.792128,
            "longitude": -122.410013
        },
        "name": "Tonga Room \u0026 Hurricane Bar",
        "objectId": "vgweV5va0M",
        "updatedAt": "2015-03-19T00:56:50.797Z"
    },
	{
        "createdAt": "2015-03-19T00:56:50.796Z",
        "location": {
            "__type": "GeoPoint",
            "latitude": 37.76499,
            "longitude": -122.396435
        },
        "name": "Bottom of the Hill",
        "objectId": "rFSsdQp5Jv",
        "updatedAt": "2015-03-19T00:56:50.796Z"
    },
	{
        "createdAt": "2015-03-19T00:56:50.796Z",
        "location": {
            "__type": "GeoPoint",
            "latitude": 37.787361,
            "longitude": -122.433727
        },
        "name": "SPQR",
        "objectId": "mgyRAMX6pf",
        "updatedAt": "2015-03-19T00:56:50.796Z"
    },
	{
        "createdAt": "2015-03-19T00:56:50.797Z",
        "location": {
            "__type": "GeoPoint",
            "latitude": 37.794119,
            "longitude": -122.423391
        },
        "name": "Subway",
        "objectId": "6dyseYUU2x",
        "updatedAt": "2015-03-19T00:56:50.797Z"
    },
	{
        "createdAt": "2015-03-19T00:56:50.800Z",
        "location": {
            "__type": "GeoPoint",
            "latitude": 37.787184,
            "longitude": -122.407447
        },
        "name": "The Cheesecake Factory",
        "objectId": "JEYdmeR7Un",
        "updatedAt": "2015-03-19T00:56:50.800Z"
    },
	{
        "createdAt": "2015-03-19T00:56:50.820Z",
        "location": {
            "__type": "GeoPoint",
            "latitude": 37.773624,
            "longitude": -122.421643
        },
        "name": "Zuni Café",
        "objectId": "Qfk9pulLRG",
        "updatedAt": "2015-03-19T00:56:50.820Z"
    },
	{
        "createdAt": "2015-03-19T00:56:50.820Z",
        "location": {
            "__type": "GeoPoint",
            "latitude": 37.756437,
            "longitude": -122.421407
        },
        "name": "Ritual Coffee Roasters",
        "objectId": "nRkcgPfaA6",
        "updatedAt": "2015-03-19T00:56:50.820Z"
    },
	{
        "createdAt": "2015-03-19T00:56:59.843Z",
        "location": {
            "__type": "GeoPoint",
            "latitude": 37.896575,
            "longitude": -122.515487
        },
        "name": "In-N-Out Burger",
        "objectId": "9Qw3om5GYa",
        "updatedAt": "2015-03-19T00:56:59.843Z"
    },
	{
        "createdAt": "2015-03-19T00:56:59.844Z",
        "location": {
            "__type": "GeoPoint",
            "latitude": 37.859013,
            "longitude": -122.478156
        },
        "name": "The Spinnaker",
        "objectId": "FHA81FQ6dh",
        "updatedAt": "2015-03-19T00:56:59.844Z"
    },
	{
        "createdAt": "2015-03-19T00:56:59.845Z",
        "location": {
            "__type": "GeoPoint",
            "latitude": 37.868149,
            "longitude": -122.497838
        },
        "name": "Fish",
        "objectId": "GUAoGbLrxL",
        "updatedAt": "2015-03-19T00:56:59.845Z"
    },
	{
        "createdAt": "2015-03-19T00:56:59.846Z",
        "location": {
            "__type": "GeoPoint",
            "latitude": 37.87306,
            "longitude": -122.456545
        },
        "name": "Sam's Anchor Cafe",
        "objectId": "buFzc7EbYO",
        "updatedAt": "2015-03-19T00:56:59.846Z"
    },
	{
        "createdAt": "2015-03-19T00:56:59.846Z",
        "location": {
            "__type": "GeoPoint",
            "latitude": 37.859599,
            "longitude": -122.484769
        },
        "name": "Bar Bocce",
        "objectId": "0OMeXFsx3b",
        "updatedAt": "2015-03-19T00:56:59.846Z"
    },
	{
        "createdAt": "2015-03-19T00:56:59.846Z",
        "location": {
            "__type": "GeoPoint",
            "latitude": 37.85966,
            "longitude": -122.485125
        },
        "name": "Salito's Crab House \u0026 Prime Rib",
        "objectId": "DZY2rFI6iC",
        "updatedAt": "2015-03-19T00:56:59.846Z"
    },
	{
        "createdAt": "2015-03-19T00:56:59.847Z",
        "location": {
            "__type": "GeoPoint",
            "latitude": 37.863847,
            "longitude": -122.49104
        },
        "name": "Le Garage",
        "objectId": "PRJAl2aVgi",
        "updatedAt": "2015-03-19T00:56:59.847Z"
    },
	{
        "createdAt": "2015-03-19T00:56:59.867Z",
        "location": {
            "__type": "GeoPoint",
            "latitude": 37.837512,
            "longitude": -122.478802
        },
        "name": "Murray Circle Restaurant",
        "objectId": "vXF9uxbkwY",
        "updatedAt": "2015-03-19T00:56:59.867Z"
    },
	{
        "createdAt": "2015-03-19T00:56:59.894Z",
        "location": {
            "__type": "GeoPoint",
            "latitude": 37.853583,
            "longitude": -122.478574
        },
        "name": "The Trident",
        "objectId": "F9beqqkuFv",
        "updatedAt": "2015-03-19T00:56:59.894Z"
    },
	{
        "createdAt": "2015-03-19T00:57:08.031Z",
        "location": {
            "__type": "GeoPoint",
            "latitude": 37.630581,
            "longitude": -122.418102
        },
        "name": "Chili's Grill \u0026 Bar",
        "objectId": "rSPratuQrI",
        "updatedAt": "2015-03-19T00:57:08.031Z"
    },
	{
        "createdAt": "2015-03-19T00:57:08.028Z",
        "location": {
            "__type": "GeoPoint",
            "latitude": 37.638776,
            "longitude": -122.421989
        },
        "name": "Red Lobster",
        "objectId": "YvrMxT0i1C",
        "updatedAt": "2015-03-19T00:57:08.028Z"
    },
	{
        "createdAt": "2015-03-19T00:57:08.032Z",
        "location": {
            "__type": "GeoPoint",
            "latitude": 37.653647,
            "longitude": -122.420538
        },
        "name": "Basque Cultural Center",
        "objectId": "UfRzdSkXfh",
        "updatedAt": "2015-03-19T00:57:08.032Z"
    },
	{
        "createdAt": "2015-03-19T00:57:08.029Z",
        "location": {
            "__type": "GeoPoint",
            "latitude": 37.635536,
            "longitude": -122.418718
        },
        "name": "BJ's Restaurant \u0026 Brewhouse",
        "objectId": "yyNbOWZjLz",
        "updatedAt": "2015-03-19T00:57:08.029Z"
    },
	{
        "createdAt": "2015-03-19T00:57:08.032Z",
        "location": {
            "__type": "GeoPoint",
            "latitude": 37.679971,
            "longitude": -122.452662
        },
        "name": "Lucky Chances",
        "objectId": "DbWrynMfso",
        "updatedAt": "2015-03-19T00:57:08.032Z"
    },
	{
        "createdAt": "2015-03-19T00:57:08.031Z",
        "location": {
            "__type": "GeoPoint",
            "latitude": 37.640258,
            "longitude": -122.422629
        },
        "name": "Subway",
        "objectId": "pdOdhxNj2J",
        "updatedAt": "2015-03-19T00:57:08.031Z"
    },
	{
        "createdAt": "2015-03-19T00:57:08.031Z",
        "location": {
            "__type": "GeoPoint",
            "latitude": 37.64676,
            "longitude": -122.404333
        },
        "name": "Houlihan's",
        "objectId": "ezDV6kzsdc",
        "updatedAt": "2015-03-19T00:57:08.031Z"
    },
	{
        "createdAt": "2015-03-19T00:57:08.031Z",
        "location": {
            "__type": "GeoPoint",
            "latitude": 37.625726,
            "longitude": -122.42607
        },
        "name": "Starbucks",
        "objectId": "pOzFV28EQ7",
        "updatedAt": "2015-03-19T00:57:08.031Z"
    },
	{
        "createdAt": "2015-03-19T00:57:08.036Z",
        "location": {
            "__type": "GeoPoint",
            "latitude": 37.614814,
            "longitude": -122.405433
        },
        "name": "Patio Filipino",
        "objectId": "4D2IuQO3ed",
        "updatedAt": "2015-03-19T00:57:08.036Z"
    }
] }